"YEAR","REGION","OWNERSHP","VACANCY","vac","vac_se","vac_moe"
"2005","1","Vacant","For migrant farm workers",159,158.99999999999903,261.5549999999984
"2005","1","Vacant","For rent or sale",1810,698.7848178899649,1149.5010254289923
"2005","1","Vacant","For sale only",1466,631.6951491682024,1039.138520381693
"2005","1","Vacant","For seasonal, recreational or other occasional use",7690,1343.4529069218393,2209.9800318864254
"2005","1","Owned or being bought (loan)","Occupied",66922,2914.8880350336726,4794.990817630392
"2005","1","Rented","Occupied",27608,2241.6418349971445,3687.5008185703027
"2005","1","Vacant","Other vacant",3103,827.0534193643673,1360.5028748543841
"2005","1","Vacant","Rented or sold but not (yet) occupied",887,523.7098806701891,861.5027537024612
"2005","2","Vacant","For rent or sale",6727,1190.5629070337638,1958.4759820705415
"2005","2","Vacant","For sale only",4745,1082.455304072582,1780.6389751993975
"2005","2","Vacant","For seasonal, recreational or other occasional use",53445,3539.486304775048,5822.454971354954
"2005","2","Owned or being bought (loan)","Occupied",107755,3951.8015239065917,6500.713506826343
"2005","2","Rented","Occupied",47897,3327.5258482484132,5473.78002036864
"2005","2","Vacant","Other vacant",7682,1360.634398146012,2238.24358495019
"2005","2","Vacant","Rented or sold but not (yet) occupied",2444,729.9979699230394,1200.8466605233998
"2005","3","Vacant","For migrant farm workers",21,20.999999999999968,34.544999999999945
"2005","3","Vacant","For rent or sale",49047,3693.5635359799558,6075.912016687027
"2005","3","Vacant","For sale only",25069,2796.6918655133886,4600.558118769524
"2005","3","Vacant","For seasonal, recreational or other occasional use",17058,2287.797438940108,3763.4267870564777
"2005","3","Owned or being bought (loan)","Occupied",992218,9065.14367049383,14912.16133796235
"2005","3","Rented","Occupied",478472,9392.623316739175,15450.865356035942
"2005","3","Vacant","Other vacant",21384,2486.4854244324515,4090.268523191383
"2005","3","Vacant","Rented or sold but not (yet) occupied",14323,1819.4451328487803,2992.9872435362436
"2005","4","Vacant","For rent or sale",3064,796.7557193969848,1310.6631584080399
"2005","4","Vacant","For sale only",1103,340.7835118206155,560.5888769449125
"2005","4","Vacant","For seasonal, recreational or other occasional use",6500,874.8951462464612,1439.2025155754286
"2005","4","Owned or being bought (loan)","Occupied",64757,2595.476150208413,4269.55826709284
"2005","4","Rented","Occupied",27315,2159.5947078959093,3552.533294488771
"2005","4","Vacant","Other vacant",5226,808.8644473695788,1330.5820159229572
"2005","4","Vacant","Rented or sold but not (yet) occupied",781,371.01751514155666,610.3238124078607
"2006","1","Vacant","For rent or sale",1387,529.0468122024985,870.28200607311
"2006","1","Vacant","For sale only",1392,502.1170587344529,825.982561618175
"2006","1","Vacant","For seasonal, recreational or other occasional use",7835,1202.3708631583206,1977.9000698954374
"2006","1","Owned or being bought (loan)","Occupied",69032,2909.864794538366,4786.727587015612
"2006","1","Rented","Occupied",27940,2314.69949518451,3807.680669578519
"2006","1","Vacant","Other vacant",3016,781.2201503634917,1285.107147347944
"2006","1","Vacant","Rented or sold but not (yet) occupied",1689,571.9811557423419,940.9090011961524
"2006","2","Vacant","For rent or sale",5300,991.1730527647594,1630.4796717980291
"2006","2","Vacant","For sale only",3952,981.0628954414319,1613.8484630011556
"2006","2","Vacant","For seasonal, recreational or other occasional use",65236,3815.425462738685,6276.374886205137
"2006","2","Owned or being bought (loan)","Occupied",113297,3965.0989030490164,6522.587695515632
"2006","2","Rented","Occupied",41609,2893.4973070550272,4759.8030701055195
"2006","2","Vacant","Other vacant",5544,991.9091624332373,1631.6905722026754
"2006","2","Vacant","Rented or sold but not (yet) occupied",2092,683.2959657003769,1124.02186357712
"2006","3","Vacant","For rent or sale",43246,3125.7635307676114,5141.881008112721
"2006","3","Vacant","For sale only",27928,2543.069151813059,4183.348754732482
"2006","3","Vacant","For seasonal, recreational or other occasional use",14592,1695.4831707957962,2789.0698159590847
"2006","3","Owned or being bought (loan)","Occupied",1024224,8271.047882093435,13605.8737660437
"2006","3","Rented","Occupied",483780,8560.645254281832,14082.261443293613
"2006","3","Vacant","Other vacant",29826,2559.3780717191057,4210.176927977929
"2006","3","Vacant","Rented or sold but not (yet) occupied",14232,1837.5038673370282,3022.6938617694113
"2006","4","Vacant","For migrant farm workers",1175,537.6029130443776,884.3567919580012
"2006","4","Vacant","For rent or sale",2284,560.2267084541563,921.5729354070871
"2006","4","Vacant","For sale only",2281,662.6564704742367,1090.0698939301194
"2006","4","Vacant","For seasonal, recreational or other occasional use",8160,968.7292368129758,1593.5595945573452
"2006","4","Owned or being bought (loan)","Occupied",62476,2356.2103983479815,3875.9661052824295
"2006","4","Rented","Occupied",24622,1882.632783684882,3096.930929161631
"2006","4","Vacant","Other vacant",6522,920.1466936041312,1513.641310978796
"2006","4","Vacant","Rented or sold but not (yet) occupied",566,295.01332567488964,485.29692073519345
"2007","1","Vacant","For migrant farm workers",175,175.00000000000097,287.8750000000016
"2007","1","Vacant","For rent or sale",976,444.7769318552021,731.6580529018075
"2007","1","Vacant","For sale only",1387,585.491826104715,963.1340539422562
"2007","1","Vacant","For seasonal, recreational or other occasional use",8692,1372.541767413859,2257.8312073957977
"2007","1","Owned or being bought (loan)","Occupied",71379,3098.271991242739,5096.657425594306
"2007","1","Rented","Occupied",27661,2238.798271964849,3682.8231573821768
"2007","1","Vacant","Other vacant",3306,795.8806277194225,1309.22363259845
"2007","1","Vacant","Rented or sold but not (yet) occupied",1434,631.7421088151431,1039.2157690009103
"2007","2","Vacant","For migrant farm workers",917,515.6548939717536,848.2523005835347
"2007","2","Vacant","For rent or sale",5241,1005.3393629913008,1653.78325212069
"2007","2","Vacant","For sale only",5512,1227.6940115363163,2019.5566489772405
"2007","2","Vacant","For seasonal, recreational or other occasional use",64384,3684.153213631192,6060.432036423311
"2007","2","Owned or being bought (loan)","Occupied",108564,3845.6813295365027,6326.145787087547
"2007","2","Rented","Occupied",47211,3349.977707609975,5510.713329018409
"2007","2","Vacant","Other vacant",6352,1082.2339389099413,1780.2748295068536
"2007","2","Vacant","Rented or sold but not (yet) occupied",2004,700.8439890761119,1152.8883620302042
"2007","3","Vacant","For rent or sale",46672,3294.369305947902,5419.237508284299
"2007","3","Vacant","For sale only",33543,2748.617741387552,4521.476184582523
"2007","3","Vacant","For seasonal, recreational or other occasional use",14781,1699.2928128200128,2795.336677088921
"2007","3","Owned or being bought (loan)","Occupied",1034886,8416.402344394848,13844.981856529525
"2007","3","Rented","Occupied",483850,8560.545144904123,14082.096763367283
"2007","3","Vacant","Other vacant",33790,2766.372941925901,4550.683489468108
"2007","3","Vacant","Rented or sold but not (yet) occupied",14569,1789.4192777167889,2943.5947118441177
"2007","4","Vacant","For migrant farm workers",1094,553.7979362552372,910.9976051398653
"2007","4","Vacant","For rent or sale",2606,657.3135128728542,1081.2807286758452
"2007","4","Vacant","For sale only",3402,760.5649982372647,1251.1294221003004
"2007","4","Vacant","For seasonal, recreational or other occasional use",8772,1038.538091137462,1708.395159921125
"2007","4","Owned or being bought (loan)","Occupied",63160,2441.25663088698,4015.867157809082
"2007","4","Rented","Occupied",23250,1765.1590713388705,2903.686672352442
"2007","4","Vacant","Other vacant",7041,958.5017626616158,1576.735399578358
"2007","4","Vacant","Rented or sold but not (yet) occupied",747,363.22303066588626,597.5018854453829
"2008","1","Vacant","For rent or sale",1589,570.3988029648986,938.3060308772581
"2008","1","Vacant","For sale only",1143,553.5526464889699,910.5941034743555
"2008","1","Vacant","For seasonal, recreational or other occasional use",8509,1305.5741663028741,2147.669503568228
"2008","1","Owned or being bought (loan)","Occupied",69543,2907.159839377852,4782.277935776567
"2008","1","Rented","Occupied",31174,2465.166857254854,4055.199480184235
"2008","1","Vacant","Other vacant",2255,668.1941816606902,1099.1794288318354
"2008","1","Vacant","Rented or sold but not (yet) occupied",1751,689.5002719361316,1134.2279473349365
"2008","2","Vacant","For migrant farm workers",364,364.00000000000045,598.7800000000008
"2008","2","Vacant","For rent or sale",4164,861.7092490119375,1417.511714624637
"2008","2","Vacant","For sale only",6043,1201.9739117300096,1977.247084795866
"2008","2","Vacant","For seasonal, recreational or other occasional use",68356,3832.8507824999906,6305.039537212485
"2008","2","Owned or being bought (loan)","Occupied",109735,3622.9238307684923,5959.70970161417
"2008","2","Rented","Occupied",47296,3109.736399256768,5115.516376777384
"2008","2","Vacant","Other vacant",7512,1194.6556909760282,1965.2086116555663
"2008","2","Vacant","Rented or sold but not (yet) occupied",1476,618.2916246283063,1017.0897225135639
"2008","3","Vacant","For rent or sale",42529,3082.9016201971317,5071.373165224281
"2008","3","Vacant","For sale only",24866,2348.8370407414695,3863.8369320197176
"2008","3","Vacant","For seasonal, recreational or other occasional use",12242,1601.9093300121328,2635.1408478699586
"2008","3","Owned or being bought (loan)","Occupied",1039070,8508.227556553078,13996.034330529814
"2008","3","Rented","Occupied",511801,8678.129557659111,14275.523122349237
"2008","3","Vacant","Other vacant",36164,2812.514424118329,4626.586227674651
"2008","3","Vacant","Rented or sold but not (yet) occupied",14698,1848.5817884847572,3040.9170420574255
"2008","4","Vacant","For migrant farm workers",332,184.33246365231747,303.22690270806225
"2008","4","Vacant","For rent or sale",3144,757.7211701241288,1246.4513248541919
"2008","4","Vacant","For sale only",1184,474.2671321517091,780.1694323895615
"2008","4","Vacant","For seasonal, recreational or other occasional use",9391,1098.4230351824062,1806.9058928750583
"2008","4","Owned or being bought (loan)","Occupied",62782,2576.2783267924247,4237.977847573538
"2008","4","Rented","Occupied",26439,1982.1389189121328,3260.6185216104586
"2008","4","Vacant","Other vacant",5786,911.1624386924756,1498.8622116491224
"2008","4","Vacant","Rented or sold but not (yet) occupied",786,256.30127921043646,421.615604301168
"2009","1","Vacant","For rent or sale",1897,608.6033933640624,1001.1525820838826
"2009","1","Vacant","For sale only",1246,489.98924572701384,806.0323092209378
"2009","1","Vacant","For seasonal, recreational or other occasional use",11465,1567.1959024572072,2578.037259542106
"2009","1","Owned or being bought (loan)","Occupied",72995,2994.407846754994,4925.800907911965
"2009","1","Rented","Occupied",27634,2270.974926623799,3735.7537542961495
"2009","1","Vacant","Other vacant",3066,764.877356578266,1258.2232515712476
"2009","1","Vacant","Rented or sold but not (yet) occupied",386,303.59080788573885,499.40687897204043
"2009","2","Vacant","For migrant farm workers",190,189.99999999999972,312.54999999999956
"2009","2","Vacant","For rent or sale",5373,1008.7924855948006,1659.463638803447
"2009","2","Vacant","For sale only",4270,916.6622714502566,1507.9094365356723
"2009","2","Vacant","For seasonal, recreational or other occasional use",65521,3589.559519695666,5904.825409899371
"2009","2","Owned or being bought (loan)","Occupied",121361,3985.240239402557,6555.720193817207
"2009","2","Rented","Occupied",41021,2701.538029406361,4444.030058373464
"2009","2","Vacant","Other vacant",6462,1213.2377042841279,1995.7760235473904
"2009","2","Vacant","Rented or sold but not (yet) occupied",2685,745.2235055080699,1225.892666560775
"2009","3","Vacant","For migrant farm workers",319,258.6491676346046,425.4778807589246
"2009","3","Vacant","For rent or sale",44209,3158.1402223446626,5195.14066575697
"2009","3","Vacant","For sale only",26536,2512.7705983245587,4133.507634243899
"2009","3","Vacant","For seasonal, recreational or other occasional use",17852,1941.0860925882082,3193.0866223076027
"2009","3","Owned or being bought (loan)","Occupied",1024932,8414.052028265964,13841.11558649751
"2009","3","Rented","Occupied",532883,8797.804909533977,14472.389076183394
"2009","3","Vacant","Other vacant",32322,2618.577144807546,4307.559403208414
"2009","3","Vacant","Rented or sold but not (yet) occupied",13149,1728.2174301929495,2842.917672667402
"2009","4","Vacant","For migrant farm workers",297,157.59465968061434,259.2432151746106
"2009","4","Vacant","For rent or sale",3459,811.8494323359433,1335.4923161926267
"2009","4","Vacant","For sale only",1840,514.2159346043816,845.8852124242077
"2009","4","Vacant","For seasonal, recreational or other occasional use",9230,1096.7742449754046,1804.1936329845405
"2009","4","Owned or being bought (loan)","Occupied",61780,2396.069803179121,3941.5348262296543
"2009","4","Rented","Occupied",27538,2121.325791299691,3489.580926687992
"2009","4","Vacant","Other vacant",5101,793.8512583999259,1305.8853200678782
"2009","4","Vacant","Rented or sold but not (yet) occupied",883,340.61471852338747,560.3112119709724
"2010","1","Vacant","For rent or sale",3317,865.550663006116,1423.8308406450608
"2010","1","Vacant","For sale only",1865,639.9300069411923,1052.6848614182613
"2010","1","Vacant","For seasonal, recreational or other occasional use",13598,1772.8331609046713,2916.3105496881844
"2010","1","Owned or being bought (loan)","Occupied",73381,3100.626957238791,5100.531344657811
"2010","1","Rented","Occupied",27556,2227.1600226537616,3663.678237265438
"2010","1","Vacant","Other vacant",3604,870.3238592086615,1431.6827483982481
"2010","1","Vacant","Rented or sold but not (yet) occupied",1069,454.83924041575546,748.2105504839177
"2010","2","Vacant","For migrant farm workers",213,213.00000000000105,350.38500000000175
"2010","2","Vacant","For rent or sale",7262,1208.3825156123219,1987.7892381822694
"2010","2","Vacant","For sale only",5228,1016.7695651713188,1672.5859347068194
"2010","2","Vacant","For seasonal, recreational or other occasional use",67280,3599.800760614847,5921.672251211424
"2010","2","Owned or being bought (loan)","Occupied",120570,3978.958143949221,6545.386146796468
"2010","2","Rented","Occupied",46992,2813.0500674145865,4627.467360896995
"2010","2","Vacant","Other vacant",8901,1238.8536251630107,2037.9142133931527
"2010","2","Vacant","Rented or sold but not (yet) occupied",1069,366.81530548861525,603.4111775287721
"2010","3","Vacant","For migrant farm workers",65,64.9999999999995,106.92499999999919
"2010","3","Vacant","For rent or sale",37498,2916.788530797776,4798.117133162341
"2010","3","Vacant","For sale only",22835,2302.3252939169943,3787.3251084934554
"2010","3","Vacant","For seasonal, recreational or other occasional use",17029,1845.7201179407234,3036.20959401249
"2010","3","Owned or being bought (loan)","Occupied",1032769,8605.340000975099,14155.784301604037
"2010","3","Rented","Occupied",569714,8860.218582566918,14575.05956832258
"2010","3","Vacant","Other vacant",27387,2386.0857514662243,3925.1110611619392
"2010","3","Vacant","Rented or sold but not (yet) occupied",14364,1774.5930237052235,2919.205523995093
"2010","4","Vacant","For migrant farm workers",73,73.00000000000036,120.08500000000059
"2010","4","Vacant","For rent or sale",1972,563.8747536318717,927.573969724429
"2010","4","Vacant","For sale only",2850,654.205249133527,1076.167634824652
"2010","4","Vacant","For seasonal, recreational or other occasional use",8515,978.297405525181,1609.2992320889227
"2010","4","Owned or being bought (loan)","Occupied",62890,2457.532935391517,4042.641678719046
"2010","4","Rented","Occupied",26711,1820.8413912400829,2995.2840885899363
"2010","4","Vacant","Other vacant",6310,923.1534823150465,1518.5874784082516
"2010","4","Vacant","Rented or sold but not (yet) occupied",1375,518.5920969166232,853.0839994278451
"2011","1","Vacant","For migrant farm workers",312,311.9999999999982,513.239999999997
"2011","1","Vacant","For rent or sale",3494,1111.3877683123987,1828.232878873896
"2011","1","Vacant","For sale only",983,386.3887631316241,635.6095153515216
"2011","1","Vacant","For seasonal, recreational or other occasional use",12958,1833.2461764009365,3015.689960179541
"2011","1","Owned or being bought (loan)","Occupied",73059,3436.5329297523504,5653.096669442616
"2011","1","Rented","Occupied",31903,2637.4816839539353,4338.657370104223
"2011","1","Vacant","Other vacant",2195,722.4499229817923,1188.4301233050483
"2011","1","Vacant","Rented or sold but not (yet) occupied",1101,400.96850070764856,659.5931836640818
"2011","2","Vacant","For migrant farm workers",280,174.41285301740706,286.9091432136346
"2011","2","Vacant","For rent or sale",7449,1344.6167141845256,2211.8944948335447
"2011","2","Vacant","For sale only",5114,1035.5011463162566,1703.399385690242
"2011","2","Vacant","For seasonal, recreational or other occasional use",68980,4007.33421350108,6592.064781209277
"2011","2","Owned or being bought (loan)","Occupied",118246,4280.904260315108,7042.087508218353
"2011","2","Rented","Occupied",50944,3171.78722156903,5217.589979481054
"2011","2","Vacant","Other vacant",6263,1227.774243135292,2019.6886299575553
"2011","2","Vacant","Rented or sold but not (yet) occupied",3715,1092.6409751781655,1797.3944041680822
"2011","3","Vacant","For rent or sale",30147,2868.5080688001285,4718.695773176211
"2011","3","Vacant","For sale only",20983,2408.493913414324,3961.9724875665634
"2011","3","Vacant","For seasonal, recreational or other occasional use",18159,2004.383046614241,3297.2101116804265
"2011","3","Owned or being bought (loan)","Occupied",1022347,10304.01014840154,16950.096694120533
"2011","3","Rented","Occupied",590568,9998.648635086409,16447.777004717143
"2011","3","Vacant","Other vacant",31223,2746.2715569373363,4517.616711161918
"2011","3","Vacant","Rented or sold but not (yet) occupied",14698,1921.8505264257346,3161.4441159703333
"2011","4","Vacant","For migrant farm workers",296,191.8742206063913,315.6330928975137
"2011","4","Vacant","For rent or sale",2452,661.8726758902887,1088.780551839525
"2011","4","Vacant","For sale only",2866,678.207533907449,1115.6513932777536
"2011","4","Vacant","For seasonal, recreational or other occasional use",7809,905.4274043238242,1489.4280801126909
"2011","4","Owned or being bought (loan)","Occupied",62208,2304.2170087612976,3790.4369794123345
"2011","4","Rented","Occupied",26123,1792.810970975437,2949.174047254594
"2011","4","Vacant","Other vacant",7172,917.6871696045736,1509.5953939995236
"2011","4","Vacant","Rented or sold but not (yet) occupied",614,281.67112087723984,463.34899384305953
"2012","1","Vacant","For migrant farm workers",247,246.99999999999912,406.3149999999986
"2012","1","Vacant","For rent or sale",3038,779.2916291343547,1281.9347299260135
"2012","1","Vacant","For sale only",2523,776.1949659585111,1276.8407190017508
"2012","1","Vacant","For seasonal, recreational or other occasional use",14008,1740.5040942646651,2863.1292350653744
"2012","1","Owned or being bought (loan)","Occupied",92229,3662.253730035648,6024.407385908641
"2012","1","Rented","Occupied",39344,2794.1071489589863,4596.306260037532
"2012","1","Vacant","Other vacant",4058,971.6584000815637,1598.3780681341723
"2012","1","Vacant","Rented or sold but not (yet) occupied",332,293.8723024496497,483.41993752967375
"2012","2","Vacant","For migrant farm workers",176,130.17438674658302,214.13686619812907
"2012","2","Vacant","For rent or sale",9033,1394.671306307077,2294.2342988751416
"2012","2","Vacant","For sale only",4145,968.1264089586159,1592.5679427369232
"2012","2","Vacant","For seasonal, recreational or other occasional use",59605,3377.5911179084533,5556.137388959406
"2012","2","Owned or being bought (loan)","Occupied",90791,3711.3606519575674,6105.188272470198
"2012","2","Rented","Occupied",38146,2732.5964761276114,4495.121203229921
"2012","2","Vacant","Other vacant",6320,1075.7244733135137,1769.56675860073
"2012","2","Vacant","Rented or sold but not (yet) occupied",2813,778.451929225876,1280.553423576566
"2012","3","Vacant","For migrant farm workers",589,394.1121796527591,648.3145355287887
"2012","3","Vacant","For rent or sale",29275,2642.592109011339,4347.064019323652
"2012","3","Vacant","For sale only",14969,1969.25902023408,3239.431088285062
"2012","3","Vacant","For seasonal, recreational or other occasional use",26485,2521.313876605822,4147.561327016577
"2012","3","Owned or being bought (loan)","Occupied",1043305,9399.336177036974,15461.908011225822
"2012","3","Rented","Occupied",613394,9638.050263172967,15854.59268291953
"2012","3","Vacant","Other vacant",24948,2313.7289875315823,3806.084184489453
"2012","3","Vacant","Rented or sold but not (yet) occupied",12203,1671.1211737105873,2748.994330753916
"2012","4","Vacant","For migrant farm workers",42,41.99999999999977,69.08999999999962
"2012","4","Vacant","For rent or sale",2463,636.1329804754995,1046.4387528821967
"2012","4","Vacant","For sale only",1309,371.2281750658148,610.6703479832654
"2012","4","Vacant","For seasonal, recreational or other occasional use",7030,820.8912986570747,1350.366186290888
"2012","4","Owned or being bought (loan)","Occupied",54254,2233.9606021443847,3674.865190527513
"2012","4","Rented","Occupied",24626,1806.6930630236452,2972.0100886738965
"2012","4","Vacant","Other vacant",8298,1017.045386165984,1673.0396602430437
"2012","4","Vacant","Rented or sold but not (yet) occupied",538,224.00730578530906,368.4920180168334
"2013","1","Vacant","For migrant farm workers",122,122.00000000000028,200.69000000000048
"2013","1","Vacant","For rent or sale",5301,1102.243460464792,1813.1904924645828
"2013","1","Vacant","For sale only",2297,678.3661969277426,1115.9123939461367
"2013","1","Vacant","For seasonal, recreational or other occasional use",14197,1709.912380442226,2812.8058658274617
"2013","1","Owned or being bought (loan)","Occupied",87701,3657.8571276725525,6017.1749750213485
"2013","1","Rented","Occupied",40355,2877.144671006856,4732.902983806278
"2013","1","Vacant","Other vacant",4058,1016.1924957468661,1671.6366555035947
"2013","1","Vacant","Rented or sold but not (yet) occupied",474,274.9679377082613,452.3222575300898
"2013","2","Vacant","For rent or sale",5713,1156.2041982692444,1901.9559061529071
"2013","2","Vacant","For sale only",4545,967.1522266490796,1590.965412837736
"2013","2","Vacant","For seasonal, recreational or other occasional use",70717,3739.0809188670414,6150.788111536283
"2013","2","Owned or being bought (loan)","Occupied",85255,3565.830620532755,5865.791370776382
"2013","2","Rented","Occupied",35975,2544.716883029215,4186.059272583058
"2013","2","Vacant","Other vacant",8539,1183.5559952810972,1946.949612237405
"2013","2","Vacant","Rented or sold but not (yet) occupied",1118,432.59762879281305,711.6230993641775
"2013","3","Vacant","For rent or sale",26922,2613.675612157935,4299.496381999803
"2013","3","Vacant","For sale only",10388,1573.9156407499192,2589.0912290336173
"2013","3","Vacant","For seasonal, recreational or other occasional use",23727,2336.115337586204,3842.9097303293056
"2013","3","Owned or being bought (loan)","Occupied",1070831,9322.043323454782,15334.761267083117
"2013","3","Rented","Occupied",603837,9608.938833626013,15806.70438131479
"2013","3","Vacant","Other vacant",31563,2728.511408125671,4488.401266366729
"2013","3","Vacant","Rented or sold but not (yet) occupied",14752,2030.2053396112656,3339.6877836605317
"2013","4","Vacant","For migrant farm workers",125,125.00000000000026,205.62500000000043
"2013","4","Vacant","For rent or sale",2539,673.4287815208831,1107.7903456018528
"2013","4","Vacant","For sale only",1240,438.8623365127106,721.928543563409
"2013","4","Vacant","For seasonal, recreational or other occasional use",6638,835.5826457966699,1374.533452335522
"2013","4","Owned or being bought (loan)","Occupied",53791,2277.2849013059254,3746.133662648247
"2013","4","Rented","Occupied",25049,1903.3438799697487,3131.000682550237
"2013","4","Vacant","Other vacant",8638,1181.409284901474,1943.4182736629245
"2013","4","Vacant","Rented or sold but not (yet) occupied",884,358.53165392642046,589.7845707089616
"2014","1","Vacant","For migrant farm workers",682,366.04842903178803,602.1496657572914
"2014","1","Vacant","For rent or sale",3773,906.2282671614621,1490.745499480605
"2014","1","Vacant","For sale only",2742,780.2156313736326,1283.4547136096257
"2014","1","Vacant","For seasonal, recreational or other occasional use",11245,1418.3920731417784,2333.2549603182256
"2014","1","Owned or being bought (loan)","Occupied",89472,3620.082957735448,5955.036465474812
"2014","1","Rented","Occupied",44168,2961.0326593794402,4870.898724679179
"2014","1","Vacant","Other vacant",4015,859.7681475113287,1414.3186026561357
"2014","1","Vacant","Rented or sold but not (yet) occupied",108,83.00476043734585,136.54283091943392
"2014","2","Vacant","For migrant farm workers",208,147.62471581624848,242.84265751772875
"2014","2","Vacant","For rent or sale",5468,1087.3234986278192,1788.6471552427624
"2014","2","Vacant","For sale only",2954,718.4617695226592,1181.8696108647744
"2014","2","Vacant","For seasonal, recreational or other occasional use",71501,3684.539499748298,6061.0674770859505
"2014","2","Owned or being bought (loan)","Occupied",88164,3644.4966898481953,5995.197054800281
"2014","2","Rented","Occupied",34180,2556.8096607179255,4205.951891880987
"2014","2","Vacant","Other vacant",9830,1430.9433154162482,2353.901753859728
"2014","2","Vacant","Rented or sold but not (yet) occupied",1170,511.2233779086139,840.9624566596699
"2014","3","Vacant","For migrant farm workers",378,260.41640132318406,428.3849801766378
"2014","3","Vacant","For rent or sale",26805,2622.4723110346126,4313.966951651938
"2014","3","Vacant","For sale only",11553,1640.3717309534184,2698.411497418373
"2014","3","Vacant","For seasonal, recreational or other occasional use",19544,2024.2023274444089,3329.812828646053
"2014","3","Owned or being bought (loan)","Occupied",1075848,9301.211597709249,15300.493078231715
"2014","3","Rented","Occupied",630100,9967.910755273426,16397.213192424784
"2014","3","Vacant","Other vacant",29091,2582.359809226139,4247.981886176999
"2014","3","Vacant","Rented or sold but not (yet) occupied",14886,1971.9882421032764,3243.92065825989
"2014","4","Vacant","For migrant farm workers",267,160.32778101100212,263.7391997630985
"2014","4","Vacant","For rent or sale",3262,874.9469458141681,1439.2877258643066
"2014","4","Vacant","For sale only",1297,429.31479481787915,706.2228374754112
"2014","4","Vacant","For seasonal, recreational or other occasional use",6963,811.9987396600002,1335.7379267407002
"2014","4","Owned or being bought (loan)","Occupied",52927,2301.243129521805,3785.544948063369
"2014","4","Rented","Occupied",24732,1934.2982903864013,3181.92068768563
"2014","4","Vacant","Other vacant",8314,1052.2898333701428,1731.0167758938849
"2014","4","Vacant","Rented or sold but not (yet) occupied",633,295.11560927424574,485.46517725613427
"2015","1","Vacant","For migrant farm workers",118,118.00000000000041,194.11000000000067
"2015","1","Vacant","For rent or sale",4383,949.6800361919412,1562.2236595357433
"2015","1","Vacant","For sale only",2385,696.7752186699101,1146.1952347120023
"2015","1","Vacant","For seasonal, recreational or other occasional use",12505,1534.890707474145,2524.8952137949686
"2015","1","Owned or being bought (loan)","Occupied",88091,3574.2345459023495,5879.615828009365
"2015","1","Rented","Occupied",41296,2829.625637668421,4654.734173964553
"2015","1","Vacant","Other vacant",5364,1081.886660089553,1779.7035558473149
"2015","1","Vacant","Rented or sold but not (yet) occupied",1751,697.767379480412,1147.827339245278
"2015","2","Vacant","For rent or sale",4410,916.1278183907025,1507.0302612527057
"2015","2","Vacant","For sale only",3020,690.5039497157221,1135.878997282363
"2015","2","Vacant","For seasonal, recreational or other occasional use",71204,3726.8343114636937,6130.642442357776
"2015","2","Owned or being bought (loan)","Occupied",88466,3546.9759132932013,5834.775377367317
"2015","2","Rented","Occupied",41787,2841.8270086815296,4674.805429281117
"2015","2","Vacant","Other vacant",6067,1033.5827670745707,1700.243651837669
"2015","2","Vacant","Rented or sold but not (yet) occupied",2075,606.882609444022,998.3218925354163
"2015","3","Vacant","For migrant farm workers",513,367.683910672372,604.840033056052
"2015","3","Vacant","For rent or sale",23187,2361.4023556771244,3884.50687508887
"2015","3","Vacant","For sale only",10660,1601.6910780082555,2634.7818233235803
"2015","3","Vacant","For seasonal, recreational or other occasional use",23959,2261.053494729388,3719.4329988298437
"2015","3","Owned or being bought (loan)","Occupied",1096037,9307.352410484402,15310.594715246842
"2015","3","Rented","Occupied",640219,9932.981932730818,16339.755279342195
"2015","3","Vacant","Other vacant",27415,2447.0742566121676,4025.437152127016
"2015","3","Vacant","Rented or sold but not (yet) occupied",15657,2010.9730751960258,3308.0507086974626
"2015","4","Vacant","For rent or sale",1906,513.476488197951,844.6688230856294
"2015","4","Vacant","For sale only",587,220.98007525598837,363.51222379610084
"2015","4","Vacant","For seasonal, recreational or other occasional use",6737,880.1779021551451,1447.8926490452138
"2015","4","Owned or being bought (loan)","Occupied",53125,2285.1359012386447,3759.0485575375706
"2015","4","Rented","Occupied",25718,2095.815550281983,3447.6165802138626
"2015","4","Vacant","Other vacant",9215,996.4832451106489,1639.2149382070174
"2015","4","Vacant","Rented or sold but not (yet) occupied",1265,482.27977071287916,793.3502228226862
"2016","1","Vacant","For migrant farm workers",95,94.99999999999888,156.27499999999816
"2016","1","Vacant","For rent or sale",3456,886.9639407506168,1459.0556825347646
"2016","1","Vacant","For sale only",1484,458.0598476096075,753.5084493178043
"2016","1","Vacant","For seasonal, recreational or other occasional use",12890,1570.3784508798026,2583.2725516972755
"2016","1","Owned or being bought (loan)","Occupied",87226,3455.515739168545,5684.323390932257
"2016","1","Rented","Occupied",45860,3071.193046005847,5052.112560679619
"2016","1","Vacant","Other vacant",7551,1406.666309484039,2313.9660791012443
"2016","1","Vacant","Rented or sold but not (yet) occupied",627,354.2704606299168,582.7749077362131
"2016","2","Vacant","For migrant farm workers",116,115.99999999999962,190.81999999999937
"2016","2","Vacant","For rent or sale",4773,971.0506720885737,1597.3783555857037
"2016","2","Vacant","For sale only",3746,901.9350813813953,1483.6832088723954
"2016","2","Vacant","For seasonal, recreational or other occasional use",71097,3677.50606886481,6049.497483282613
"2016","2","Owned or being bought (loan)","Occupied",91904,3764.0251464216108,6191.8213658635495
"2016","2","Rented","Occupied",36361,2544.59889300275,4185.865178989524
"2016","2","Vacant","Other vacant",6214,1087.7958719774033,1789.4242094028284
"2016","2","Vacant","Rented or sold but not (yet) occupied",1961,684.6872615937141,1126.3105453216597
"2016","3","Vacant","For migrant farm workers",500,354.67547175620825,583.4411510389626
"2016","3","Vacant","For rent or sale",23153,2404.6903666632415,3955.7156531610326
"2016","3","Vacant","For sale only",9911,1553.9314713651734,2556.2172703957103
"2016","3","Vacant","For seasonal, recreational or other occasional use",25776,2375.968090192019,3908.4675083658717
"2016","3","Owned or being bought (loan)","Occupied",1134072,9357.173758281864,15392.550832373667
"2016","3","Rented","Occupied",630646,9875.531256349905,16245.248916695593
"2016","3","Vacant","Other vacant",26356,2446.5339382254097,4024.548328380799
"2016","3","Vacant","Rented or sold but not (yet) occupied",14313,1946.3779625611025,3201.791748413014
"2016","4","Vacant","For rent or sale",1989,594.9445426313321,978.6837726285413
"2016","4","Vacant","For sale only",675,202.97113922143336,333.8875240192579
"2016","4","Vacant","For seasonal, recreational or other occasional use",6132,766.8387643858116,1261.44976741466
"2016","4","Owned or being bought (loan)","Occupied",55756,2427.4638402709916,3993.178017245781
"2016","4","Rented","Occupied",27171,2020.4056535019538,3323.567300010714
"2016","4","Vacant","Other vacant",6820,918.9818899619639,1511.7252089874307
"2016","4","Vacant","Rented or sold but not (yet) occupied",509,198.00404137760435,325.71664806615917
"2017","1","Vacant","For migrant farm workers",169,119.50063319148508,196.57854159999295
"2017","1","Vacant","For rent or sale",2649,772.9565794303456,1271.5135731629186
"2017","1","Vacant","For sale only",1904,601.9744314465281,990.2479397295388
"2017","1","Vacant","For seasonal, recreational or other occasional use",12947,1493.1829603498948,2456.285969775577
"2017","1","Owned or being bought (loan)","Occupied",92482,3572.708527426045,5877.105527615844
"2017","1","Rented","Occupied",41448,2813.2847317261194,4627.853383689467
"2017","1","Vacant","Other vacant",6133,1263.7955242158723,2078.94363733511
"2017","1","Vacant","Rented or sold but not (yet) occupied",1423,553.8528425102307,911.0879259293296
"2017","2","Vacant","For migrant farm workers",158,158.0000000000009,259.9100000000015
"2017","2","Vacant","For rent or sale",5174,934.18645356341,1536.7367161118095
"2017","2","Vacant","For sale only",2531,794.4765018304543,1306.9138455110972
"2017","2","Vacant","For seasonal, recreational or other occasional use",76456,3803.0154133288424,6255.9603549259455
"2017","2","Owned or being bought (loan)","Occupied",92975,3707.608593300206,6099.016135978839
"2017","2","Rented","Occupied",35795,2622.846523277443,4314.582530791394
"2017","2","Vacant","Other vacant",8260,1283.848465286224,2111.930725395838
"2017","2","Vacant","Rented or sold but not (yet) occupied",1439,564.7615098711187,929.0326837379903
"2017","3","Vacant","For rent or sale",29437,2647.2835317336444,4354.781409701845
"2017","3","Vacant","For sale only",9736,1490.3527670126098,2451.630301735743
"2017","3","Vacant","For seasonal, recreational or other occasional use",28383,2582.412182152775,4248.068039641315
"2017","3","Owned or being bought (loan)","Occupied",1161766,9528.269968887775,15674.00409882039
"2017","3","Rented","Occupied",631646,9792.891501462562,16109.306519905915
"2017","3","Vacant","Other vacant",27321,2526.971070664614,4156.86741124329
"2017","3","Vacant","Rented or sold but not (yet) occupied",13759,1843.5349948849678,3032.615066585772
"2017","4","Vacant","For migrant farm workers",179,112.86359374754603,185.66061171471324
"2017","4","Vacant","For rent or sale",2210,554.2383312101965,911.7220548407732
"2017","4","Vacant","For sale only",919,305.50860439202944,502.56165422488846
"2017","4","Vacant","For seasonal, recreational or other occasional use",6487,808.9093379774007,1330.6558609728243
"2017","4","Owned or being bought (loan)","Occupied",52829,2307.4303499012253,3795.722925587516
"2017","4","Rented","Occupied",30263,2229.5662013193237,3667.6364011702876
"2017","4","Vacant","Other vacant",8397,1064.5894185006973,1751.249593433647
"2017","4","Vacant","Rented or sold but not (yet) occupied",220,104.40511459959777,171.74641351633832
"2018","1","Vacant","For migrant farm workers",89,89.00000000000018,146.4050000000003
"2018","1","Vacant","For rent or sale",2439,707.0913845855538,1163.165327643236
"2018","1","Vacant","For sale only",2470,764.0971195376961,1256.9397616395102
"2018","1","Vacant","For seasonal, recreational or other occasional use",15769,1706.086513317576,2806.5123144074123
"2018","1","Owned or being bought (loan)","Occupied",93105,3707.0896382214155,6098.162454874228
"2018","1","Rented","Occupied",40265,2856.662093265322,4699.209143421454
"2018","1","Vacant","Other vacant",7153,1325.7091702963792,2180.7915851375437
"2018","1","Vacant","Rented or sold but not (yet) occupied",531,321.1816058360018,528.343741600223
"2018","2","Vacant","For rent or sale",6945,1109.7008923780131,1825.4579679618316
"2018","2","Vacant","For sale only",1844,624.4980514414167,1027.2992946211305
"2018","2","Vacant","For seasonal, recreational or other occasional use",76985,3862.208696150905,6353.333305168238
"2018","2","Owned or being bought (loan)","Occupied",93917,3841.740861546654,6319.663717244246
"2018","2","Rented","Occupied",34503,2773.090152797886,4561.733301352522
"2018","2","Vacant","Other vacant",9041,1328.0119703835037,2184.5796912808637
"2018","2","Vacant","Rented or sold but not (yet) occupied",924,358.82041609501704,590.2595844763031
"2018","3","Vacant","For migrant farm workers",195,194.99999999999892,320.7749999999982
"2018","3","Vacant","For rent or sale",29682,2612.7176166885124,4297.920479452603
"2018","3","Vacant","For sale only",10272,1553.4126426303617,2555.363797126945
"2018","3","Vacant","For seasonal, recreational or other occasional use",21347,2145.0968094195982,3528.684251495239
"2018","3","Owned or being bought (loan)","Occupied",1173437,9527.391860465876,15672.559610466365
"2018","3","Rented","Occupied",657339,10387.96248961475,17088.198295416267
"2018","3","Vacant","Other vacant",26607,2321.6639348541785,3819.1371728351237
"2018","3","Vacant","Rented or sold but not (yet) occupied",15923,1981.883400901531,3260.1981944830186
"2018","4","Vacant","For migrant farm workers",350,249.51856631119216,410.4580415819111
"2018","4","Vacant","For rent or sale",1618,493.17749124558514,811.2769730989876
"2018","4","Vacant","For sale only",954,391.91171412279806,644.6947697320028
"2018","4","Vacant","For seasonal, recreational or other occasional use",6402,903.8323650666109,1486.804240534575
"2018","4","Owned or being bought (loan)","Occupied",59914,2464.174341668746,4053.566792045087
"2018","4","Rented","Occupied",24278,1913.1565368059776,3147.142503045833
"2018","4","Vacant","Other vacant",9068,1117.3394164049407,1838.0233399861274
"2018","4","Vacant","Rented or sold but not (yet) occupied",762,306.6984306982015,504.51891849854144
"2019","1","Vacant","For migrant farm workers",169,119.50071329521403,196.5786733706271
"2019","1","Vacant","For rent or sale",3049,830.4695837880073,1366.122465331272
"2019","1","Vacant","For sale only",1602,498.9308112203226,820.7411844574307
"2019","1","Vacant","For seasonal, recreational or other occasional use",13049,1610.8706642004947,2649.882242609814
"2019","1","Owned or being bought (loan)","Occupied",100398,3950.7813803551007,6499.035370684141
"2019","1","Rented","Occupied",39933,2870.081326298797,4721.283781761522
"2019","1","Vacant","Other vacant",6070,1160.5134410846026,1909.0446105841713
"2019","1","Vacant","Rented or sold but not (yet) occupied",179,136.69110423338944,224.85686646392563
"2019","2","Vacant","For migrant farm workers",159,136.31114442865734,224.23183258514132
"2019","2","Vacant","For rent or sale",6073,1094.2115435477656,1799.9779891360745
"2019","2","Vacant","For sale only",3526,941.178737290086,1548.2390228421916
"2019","2","Vacant","For seasonal, recreational or other occasional use",72281,3842.784465408817,6321.380445597504
"2019","2","Owned or being bought (loan)","Occupied",101644,4086.098577017534,6721.632159193843
"2019","2","Rented","Occupied",35341,2822.4749812539358,4642.971344162725
"2019","2","Vacant","Other vacant",6486,1055.650533530313,1736.545127657365
"2019","2","Vacant","Rented or sold but not (yet) occupied",931,503.0786185729219,827.5643275524566
"2019","3","Vacant","For rent or sale",26232,2512.766132335101,4133.500287691241
"2019","3","Vacant","For sale only",10256,1609.8057702447343,2648.130492052588
"2019","3","Vacant","For seasonal, recreational or other occasional use",21122,2199.2438385282258,3617.756114378931
"2019","3","Owned or being bought (loan)","Occupied",1214698,10194.60683063912,16770.128236401353
"2019","3","Rented","Occupied",655422,10645.793449681829,17512.330224726607
"2019","3","Vacant","Other vacant",27024,2547.9103579679804,4191.312538857328
"2019","3","Vacant","Rented or sold but not (yet) occupied",14790,2094.890262511106,3446.0944818307694
"2019","4","Vacant","For migrant farm workers",162,133.15274866974764,219.03627156173488
"2019","4","Vacant","For rent or sale",1865,634.6717231266286,1044.034984543304
"2019","4","Vacant","For sale only",582,223.29415036255782,367.3188773464076
"2019","4","Vacant","For seasonal, recreational or other occasional use",6819,1065.0887587041182,1752.0710080682743
"2019","4","Owned or being bought (loan)","Occupied",61895,2726.8635535385574,4485.690545570927
"2019","4","Rented","Occupied",25788,2079.8716913954922,3421.3889323455846
"2019","4","Vacant","Other vacant",6252,776.4227256163615,1277.2153836389148
"2019","4","Vacant","Rented or sold but not (yet) occupied",312,188.93252296693205,310.79400028060326
"2020","1","Vacant","For migrant farm workers",141,141.00000000000156,231.94500000000258
"2020","1","Vacant","For rent or sale",2889,832.3425159058136,1369.2034386650632
"2020","1","Vacant","For sale only",1868,615.0765944510347,1011.8009978719521
"2020","1","Vacant","For seasonal, recreational or other occasional use",14429,1774.0431488905797,2918.3009799250035
"2020","1","Owned or being bought (loan)","Occupied",93833,3951.5457808633623,6500.2928095202315
"2020","1","Rented","Occupied",37308,2832.2887441338535,4659.114984100189
"2020","1","Vacant","Other vacant",4295,860.4584994607756,1415.4542316129757
"2020","1","Vacant","Rented or sold but not (yet) occupied",1749,744.2228067453206,1224.2465170960522
"2020","2","Vacant","For migrant farm workers",279,163.6658962377764,269.23039931114215
"2020","2","Vacant","For rent or sale",5289,1025.605291399009,1687.1207043513698
"2020","2","Vacant","For sale only",1008,425.27111440171154,699.5709831908155
"2020","2","Vacant","For seasonal, recreational or other occasional use",73978,3871.4695035985415,6368.567333419601
"2020","2","Owned or being bought (loan)","Occupied",99890,4435.69213973766,7296.713569868451
"2020","2","Rented","Occupied",32416,2716.0205339092217,4467.85377828067
"2020","2","Vacant","Other vacant",7895,1182.2012508858168,1944.7210577071685
"2020","2","Vacant","Rented or sold but not (yet) occupied",1640,571.2560387487391,939.7161837416759
"2020","3","Vacant","For migrant farm workers",101,100.99999999999886,166.14499999999813
"2020","3","Vacant","For rent or sale",33657,3174.07770087047,5221.357817931923
"2020","3","Vacant","For sale only",9471,1609.5860235827322,2647.7690087935944
"2020","3","Vacant","For seasonal, recreational or other occasional use",19067,2136.6072160998388,3514.7188704842347
"2020","3","Owned or being bought (loan)","Occupied",1220641,12786.106740182686,21033.145587600517
"2020","3","Rented","Occupied",640470,11845.48643029728,19485.825177839026
"2020","3","Vacant","Other vacant",26413,2506.990114843844,4123.998738918123
"2020","3","Vacant","Rented or sold but not (yet) occupied",12109,1842.0279515818095,3030.135980352077
"2020","4","Vacant","For rent or sale",822,299.76592102167155,493.1149400806497
"2020","4","Vacant","For sale only",1309,562.4546975854886,925.2379775281288
"2020","4","Vacant","For seasonal, recreational or other occasional use",5948,920.2001812092223,1513.7292980891707
"2020","4","Owned or being bought (loan)","Occupied",59672,2551.7751116875756,4197.670058726062
"2020","4","Rented","Occupied",21353,1584.1971182589004,2606.0042595358914
"2020","4","Vacant","Other vacant",7146,897.5021480520564,1476.3910335456328
"2020","4","Vacant","Rented or sold but not (yet) occupied",579,382.8966672533453,629.8650176317531
"2021","1","Vacant","For migrant farm workers",329,231.3241146805612,380.5281686495232
"2021","1","Vacant","For rent or sale",3989,996.5369257877184,1639.3032429207967
"2021","1","Vacant","For sale only",344,203.5361716208197,334.81700231624836
"2021","1","Vacant","For seasonal, recreational or other occasional use",10824,1402.8030948448088,2307.6110910197103
"2021","1","Owned or being bought (loan)","Occupied",105831,4105.684086973151,6753.850323070834
"2021","1","Rented","Occupied",37172,2765.271471199548,4548.871570123257
"2021","1","Vacant","Other vacant",6015,1156.214382697377,1901.972659537185
"2021","1","Vacant","Rented or sold but not (yet) occupied",904,458.4933051105873,754.2214869069161
"2021","2","Vacant","For migrant farm workers",184,183.99999999999864,302.67999999999773
"2021","2","Vacant","For rent or sale",7242,1086.949126524518,1788.0313131328323
"2021","2","Vacant","For sale only",1572,605.1306927477877,995.4399895701108
"2021","2","Vacant","For seasonal, recreational or other occasional use",65184,3346.9216404060435,5505.6860984679415
"2021","2","Owned or being bought (loan)","Occupied",100964,4001.6862016591385,6582.773801729283
"2021","2","Rented","Occupied",36810,2742.2814118651027,4511.0529225180935
"2021","2","Vacant","Other vacant",7568,1202.212449712744,1977.639479777464
"2021","2","Vacant","Rented or sold but not (yet) occupied",2136,710.2776166700231,1168.406679422188
"2021","3","Vacant","For migrant farm workers",228,161.27299130217477,265.2940706920775
"2021","3","Vacant","For rent or sale",34468,2763.557814243025,4546.052604429776
"2021","3","Vacant","For sale only",8181,1353.1611159018778,2225.950035658589
"2021","3","Vacant","For seasonal, recreational or other occasional use",22114,2091.9015115339093,3441.1779864732807
"2021","3","Owned or being bought (loan)","Occupied",1284210,10750.098259106622,17683.911636230394
"2021","3","Rented","Occupied",663116,10559.514567163034,17370.40146298319
"2021","3","Vacant","Other vacant",29964,2353.335165155861,3871.2363466813913
"2021","3","Vacant","Rented or sold but not (yet) occupied",14154,1705.1950024034445,2805.0457789536663
"2021","4","Vacant","For rent or sale",1130,439.87198258968436,723.5894113600308
"2021","4","Vacant","For sale only",226,106.50087436520838,175.1939383307678
"2021","4","Vacant","For seasonal, recreational or other occasional use",5110,752.3593596344713,1237.6311465987053
"2021","4","Owned or being bought (loan)","Occupied",59951,2562.6319855577417,4215.529616242485
"2021","4","Rented","Occupied",24982,2267.9572874362825,3730.7897378326848
"2021","4","Vacant","Other vacant",5650,778.851415630152,1281.2105787116002
"2021","4","Vacant","Rented or sold but not (yet) occupied",231,146.1634041461378,240.43879982039667
"2022","1","Vacant","For rent or sale",2727,746.250334224646,1227.5817997995428
"2022","1","Vacant","For sale only",508.00000000000006,399.20695374750807,656.6954389146508
"2022","1","Vacant","For seasonal, recreational or other occasional use",11860,1335.4541212337165,2196.822029429464
"2022","1","Owned or being bought (loan)","Occupied",111877,4193.942792359009,6899.0358934305705
"2022","1","Rented","Occupied",35329,2565.26912888898,4219.867717022372
"2022","1","Vacant","Other vacant",4297,934.1393148971636,1536.659173005834
"2022","1","Vacant","Rented or sold but not (yet) occupied",440,244.19834380009922,401.70627555116323
"2022","2","Vacant","For migrant farm workers",159,159.0000000000001,261.5550000000002
"2022","2","Vacant","For rent or sale",8465,1261.2666846335787,2074.783696222237
"2022","2","Vacant","For sale only",558,277.06488123224545,455.7717296270438
"2022","2","Vacant","For seasonal, recreational or other occasional use",56122,2856.7828268468234,4699.4077501630245
"2022","2","Owned or being bought (loan)","Occupied",111573,4325.5018555257575,7115.450552339871
"2022","2","Rented","Occupied",43675,3194.0139164692746,5254.1528925919565
"2022","2","Vacant","Other vacant",4840,859.1837095954065,1413.3572022844437
"2022","2","Vacant","Rented or sold but not (yet) occupied",1745,528.4489453138948,869.298515041357
"2022","3","Vacant","For migrant farm workers",265,191.09081450059892,314.3443898534852
"2022","3","Vacant","For rent or sale",31652,2802.3812086840376,4609.917088285242
"2022","3","Vacant","For sale only",7975,1455.2713818943892,2393.9214232162703
"2022","3","Vacant","For seasonal, recreational or other occasional use",18359,1900.1662356226432,3125.773457599248
"2022","3","Owned or being bought (loan)","Occupied",1297462,10749.545490845294,17683.00233244051
"2022","3","Rented","Occupied",692630,11071.440539752075,18212.519687892163
"2022","3","Vacant","Other vacant",29573,2516.001154144238,4138.821898567272
"2022","3","Vacant","Rented or sold but not (yet) occupied",14431,1856.3962034703081,3053.7717547086568
"2022","4","Vacant","For migrant farm workers",139,107.91062887290248,177.51298449592457
"2022","4","Vacant","For rent or sale",1338,603.54700006414,992.8348151055103
"2022","4","Vacant","For sale only",533,201.95448143306774,332.21512195739643
"2022","4","Vacant","For seasonal, recreational or other occasional use",3756,635.9003755691887,1046.0561178113153
"2022","4","Owned or being bought (loan)","Occupied",67455,2842.345547542943,4675.658425708141
"2022","4","Rented","Occupied",24578,2047.4184862519455,3368.0034098844503
"2022","4","Vacant","Other vacant",5678,812.397411107941,1336.393741272563
"2022","4","Vacant","Rented or sold but not (yet) occupied",206,129.71897287088206,213.387710372601
"2023","1","Vacant","For migrant farm workers",185.99999999999997,186.00000000000043,305.9700000000007
"2023","1","Vacant","For rent or sale",1444,524.9965967619204,863.619401673359
"2023","1","Vacant","For sale only",425,203.9993433884767,335.5789198740442
"2023","1","Vacant","For seasonal, recreational or other occasional use",10036,1269.6149612565714,2088.51661126706
"2023","1","Owned or being bought (loan)","Occupied",109890,3990.0027785374427,6563.554570694093
"2023","1","Rented","Occupied",43073,2902.5613562704866,4774.713431064951
"2023","1","Vacant","Other vacant",4187,858.7540933850636,1412.6504836184297
"2023","1","Vacant","Rented or sold but not (yet) occupied",544,369.3534283767035,607.5863896796773
"2023","2","Vacant","For migrant farm workers",147,146.99999999999935,241.81499999999892
"2023","2","Vacant","For rent or sale",5630,922.8667776274633,1518.115849197177
"2023","2","Vacant","For sale only",1316,493.6735817683183,812.0930420088836
"2023","2","Vacant","For seasonal, recreational or other occasional use",58185,2918.05019677264,4800.1925736909925
"2023","2","Owned or being bought (loan)","Occupied",116210,4414.122751308847,7261.231925903054
"2023","2","Rented","Occupied",42443,3519.419298807476,5789.444746538298
"2023","2","Vacant","Other vacant",5413,1028.8307625169618,1692.4266043404023
"2023","2","Vacant","Rented or sold but not (yet) occupied",2168,554.9626578404863,912.9135721475999
"2023","3","Vacant","For migrant farm workers",982,573.1473673723127,942.8274193274544
"2023","3","Vacant","For rent or sale",34095,2951.2861833468496,4854.865771605568
"2023","3","Vacant","For sale only",10241,1540.335175263636,2533.8513633086814
"2023","3","Vacant","For seasonal, recreational or other occasional use",22211,2039.8297717009823,3355.519974448116
"2023","3","Owned or being bought (loan)","Occupied",1302391,10884.394838277798,17904.829508966977
"2023","3","Rented","Occupied",721633,11673.562762189511,19203.010743801744
"2023","3","Vacant","Other vacant",30487,2686.3949381202074,4419.1196732077415
"2023","3","Vacant","Rented or sold but not (yet) occupied",10288,1583.8503842347966,2605.4338820662406
"2023","4","Vacant","For migrant farm workers",220,129.16964860324782,212.48407195234267
"2023","4","Vacant","For rent or sale",732,287.37923397131084,472.73883988280636
"2023","4","Vacant","For sale only",834,373.5544529533235,614.4970751082171
"2023","4","Vacant","For seasonal, recreational or other occasional use",4390,663.3553648052593,1091.2195751046515
"2023","4","Owned or being bought (loan)","Occupied",64458,2689.9242681084115,4424.925421038337
"2023","4","Rented","Occupied",28165,2401.4228854154985,3950.340646508495
"2023","4","Vacant","Other vacant",4607,675.0392183977981,1110.439514264378
"2023","4","Vacant","Rented or sold but not (yet) occupied",1062,532.7532403310082,876.3790803445086
